Movie,Content_Time,Collab_Time,Memory_MB
The Dark Knight,0.05031659989617765,0.1443181000649929,68.39453125
Inception,0.020805200096219778,0.13416549982503057,68.39453125
Toy Story,0.01735550002194941,0.09749200008809566,68.39453125
Interstellar,0.023077400168403983,0.11373189999721944,68.39453125
Joker,0.013611499918624759,0.135778299998492,68.39453125
